round,client_0,client_1,client_2
1,0.5277464536150142,1.024711620643226,0.6172013286694805
2,0.15158094926908613,0.7015408956015899,0.2404483687754172
3,0.08632747385571087,0.38702114872982396,0.09026871399228174
4,0.07150880723496067,0.19863241980884255,0.07177982681195533
5,0.06062063112005956,0.13395541317208315,0.06547433219137447
6,0.054285183815948324,0.10903066174536617,0.060813517891671914
7,0.045258459539698516,0.09209359234103773,0.058064212389230256
8,0.04070852383231314,0.08195570284583524,0.05525534485016541
9,0.03452538302319889,0.06985107974972884,0.051815448485517265
10,0.02932448408544044,0.0576947935603443,0.05051614477573779
11,0.024060509189349072,0.050362025751172,0.0440831012118526
12,0.021304902909564917,0.043757584190824955,0.04232586265759165
13,0.019148195844197958,0.037440521462398665,0.03994538801650713
14,0.015722957838447585,0.031438138110569,0.03677511345983317
15,0.013484816546825738,0.02795996698091366,0.03457920352890561
16,0.010892280850795527,0.02388738067334967,0.030981710745661067
17,0.010222925251889139,0.0200246385480766,0.026883256772228973
18,0.00859528391996503,0.01894353385781497,0.02368849040843355
19,0.007316664908316961,0.01602624656751294,0.021423163159922896
20,0.006439969720862047,0.014293341158180749,0.01888927938522892
21,0.006331758745291937,0.01299784881221196,0.017457062808458018
22,0.005181182944589835,0.012075525211293642,0.01545848524688495
23,0.004817691105769454,0.01017780314220273,0.013562368393133697
24,0.004620089438567386,0.009168214212148688,0.011631689395331749
25,0.0036048050899929293,0.008818462934672042,0.010594587902483138
26,0.003154383108181331,0.006807165730903708,0.00880236061457258
27,0.002264174482728521,0.007491355791029099,0.008599475355649148
28,0.002354277634495961,0.00611331132500259,0.006651071635110556
29,0.001894734988358371,0.005589277610171846,0.006303478227340066
30,0.0016685606655684716,0.004896762796622877,0.0055280158285266135
